{
    "arcgisRuntime": 1,
    "capabilities": {
        "audio": false,
        "backgroundLocation": false,
        "bluetooth": false,
        "camera": true,
        "localnotification": false,
        "location": true,
        "microphone": false,
        "network": true,
        "storage": true,
        "vibration": false
    },
    "deployment": {
        "android": {
            "packageName": "com.mpt.parkwatch"
        },
        "arcgisRuntimeExtensionsLicense": "",
        "arcgisRuntimeLicense": "runtimelite,1000,rud9837166031,none,ZZ0RJAY3FP73JPJA4010",
        "clientId": "TKRHxkmqJP9QTcvW",
        "ios": {
            "bundleId": "",
            "codeSignIdentity": ""
        },
        "macos": {
            "bundleId": "",
            "codeSignIdentity": ""
        }
    },
    "devicesTypes": [
        "desktop",
        "tablet",
        "phone"
    ],
    "display": {
        "desktop": {
            "minimumHeight": 500,
            "minimumWidth": 320,
            "windowMode": "default"
        },
        "phone": {
            "landscape": false,
            "portrait": true,
            "showStatusBar": true
        },
        "tablet": {
            "landscape": true,
            "portrait": true,
            "showStatusBar": true
        }
    },
    "environment": {
    },
    "mainFile": "app.qml",
    "make": {
        "ignore": [
            "QuickReport/languages/*.sh",
            "QuickReport/languages/*.bat",
            "QuickReport/languages/*.ts",
            "*.bat"
        ]
    },
    "projectFile": "app.qmlproject",
    "properties": {
        "allowPhotoToSkip": true,
        "baseFontSize": 20,
        "buttonColor": "#39933c",
        "customTextFontTTF": "assets/OpenSans-Regular.ttf",
        "customTitleFontTTF": "assets/OpenSans-Regular.ttf",
        "emailAddress": "richardm@tacomaparks.com",
        "emailLabel": "Email Us",
        "featureLayerId": 0,
        "featureServiceURL": "http://arcgis-uwtserver2-1759579498.us-west-2.elb.amazonaws.com/arcgis/rest/services/cchelf/MPT_ParkWatchFinalData/FeatureServer",
        "headerBackgroundColor": "#2b15cb",
        "headerTextColor": "#FFF",
        "logoImage": "assets/logo.png",
        "logoUrl": "https://www.metroparkstacoma.org/",
        "pageBackgroundColor": "#e2dede",
        "password": "",
        "phoneLabel": "Call Us",
        "phoneNumber": "(253)305-1000",
        "reportHelpUrl": "",
        "signInImage": "",
        "socialMediaLabel": "",
        "socialMediaUrl": "",
        "startBackground": "assets/background.png",
        "startShowLogo": true,
        "textColor": "#262525",
        "thankyouMessage": "Thank you so much for reporting this issue. Metro Parks Tacoma could not as successful as it is today without all your hard work. You will recieve an email when your issue has been addressed. You also may find these contacts useful: Emergency: 911, Non-Emergency Tacoma Police Dept: (253) 798-4721, Security/Public Safety during business hours only): (253)305-1050, General Park Inquiries: info@tacomaparks.com",
        "username": "",
        "webMapID": "d5e02a0c1f2b4ec399823fdd3c2fdebd",
        "websiteLabel": "Website",
        "websiteUrl": "https://www.metroparkstacoma.org/"
    },
    "resources": {
        "appIcon": "thumbnail.png",
        "launchImageBackground": "assets/launchimagebackground.png",
        "launchImageBackgroundColor": "#ffffff",
        "launchImageOverlay": "launchimage-overlay.png"
    },
    "templateName": "quickreport",
    "translations": {
        "fileName": "QuickReport",
        "path": "QuickReport/languages"
    },
    "type": "app",
    "urlScheme": "MPTapp",
    "usageDescriptionKeys": {
        "bluetoothUsageDescription": "This app uses bluetooth to scan and connect to devices.",
        "cameraUsageDescription": "This app needs access to camera to take a picture.",
        "locationAlwaysUsageDescription": "This app needs access to device location when the app is running or in the background.",
        "locationWhenInUseUsageDescription": "This app needs access to device location when the app is running.",
        "microphoneUsageDescription": "This app needs to access microphone to record audio.",
        "photoLibraryUsageDescription": "This app needs access to photo library to select a photo."
    },
    "version": {
        "major": 1,
        "micro": 20,
        "minor": 0
    }
}
