{
    "propertiesInfo": {
        "title": "QuickReport Properties",
        "categoryInfos": [
            {
                "title": "Start Screen",
                "propertyInfos": [
                    {
                        "type": "image",
                        "label": "Background image",
                        "hint": "Image to use for the start page background.",
                        "name": "startBackground",
                        "folder": "assets"
                    },
                    {
                        "type": "number",
                        "label": "Base font size",
                        "hint": "Sets the base font size used throughout the app.",
                        "name": "baseFontSize"
                    },
                    {
                        "type": "file",
                        "label": "Title Font file",
                        "name": "customTitleFontTTF",
                        "hint": "Sets the custom font to be used throughout the app for title and headings.",
                        "folder": "assets",
                        "filters": [
                            "True Type Fonts (*.ttf)"
                        ]
                    },
                    {
                        "type": "file",
                        "label": "Text Font file",
                        "name": "customTextFontTTF",
                        "hint": "Sets the custom font to be used throughout the app for the text.",
                        "folder": "assets",
                        "filters": [
                            "True Type Fonts (*.ttf)"
                        ]
                    },
                    {
                        "type": "boolean",
                        "label": "Show logo",
                        "hint": "Shows or hides the logo and its link on the start page.",
                        "name": "startShowLogo"
                    },
                    {
                        "type": "image",
                        "label": "Logo",
                        "hint": "Image to use for the logo displayed on the start page.",
                        "name": "logoImage",
                        "folder": "assets"
                    },
                    {
                        "type": "string",
                        "label": "Logo URL",
                        "hint": "URL to launch when the logo on the start page is clicked.",
                        "name": "logoUrl"
                    },
                    {
                        "type": "note",
                        "text": "Footer links"
                    },
                    {
                        "type": "string",
                        "label": "Phone number label",
                        "hint": "Label that is displayed for the phone number.",
                        "name": "phoneLabel"
                    },
                    {
                        "type": "string",
                        "label": "Phone number",
                        "hint": "Enter the actual phone number.",
                        "name": "phoneNumber"
                    },
                    {
                        "type": "string",
                        "label": "Website label",
                        "hint": "Label that is displayed for the website.",
                        "name": "websiteLabel"
                    },
                    {
                        "type": "string",
                        "label": "Website",
                        "hint": "Enter the actual website Url.",
                        "name": "websiteUrl"
                    },
                    {
                        "type": "string",
                        "label": "Email label",
                        "hint": "Label that is displayed for the email address.",
                        "name": "emailLabel"
                    },
                    {
                        "type": "string",
                        "label": "Email address",
                        "hint": "Enter the actual email address.",
                        "name": "emailAddress"
                    },
                    {
                        "type": "string",
                        "label": "Social media label",
                        "hint": "Label that is displayed for the social media Url.",
                        "name": "socialMediaLabel"
                    },
                    {
                        "type": "string",
                        "label": "Social media",
                        "hint": "Enter the actual social media Url.",
                        "name": "socialMediaUrl"
                    }
                ]
            },
            {
                "title": "Form",
                "propertyInfos": [
                    {
                        "type": "string",
                        "label": "Webmap ID for the Map to choose location.",
                        "hint": "You can provide one public WebMap ID that provides useful information for the user to choose report location. All default basemaps are also provides as WebMaps.",
                        "name" : "webMapID"
                    },
                    {
                        "type": "string",
                        "label": "Feature service address",
                        "hint": "URL of the feature layer in which to capture the observation record. For example, http://sampleserver6.arcgisonline.com/arcgis/rest/services/ServiceRequest/FeatureServer",
                        "name" : "featureServiceURL"
                    },
                    {
                        "type": "number",
                        "label": "Layer Id of the feature service",
                        "hint": "ID of the feature layer in which to capture the observation record.",
                        "name": "featureLayerId"
                    },
                    {
                        "type": "boolean",
                        "label": "Allow skipping of photo",
                        "hint": "Enables the user to skip the photo upload in the form. If false then user must provide atleast one photo.",
                        "name": "allowPhotoToSkip"
                    },
                    {
                        "type": "string",
                        "label": "Thank you message",
                        "hint": "Feedback text to be shown when user submits a report. You can make this personable to thank the user and also have a call to action (Supports HTML links)",
                        "name": "thankyouMessage"
                    },
                    {
                        "type": "string",
                        "label": "Report help link",
                        "hint": "Help or instructions to help fill out the report. Can be a local html file or a URL.",
                        "name": "reportHelpUrl"
                    }
                ]
            },
            {
                "title": "Colors",
                "propertyInfos": [
                    {
                        "type": "color",
                        "label": "Background color",
                        "hint": "Color to use for the app page background.",
                        "name": "pageBackgroundColor"
                    },
                    {
                        "type": "color",
                        "label": "Text color",
                        "hint": "Color to use for the text.",
                        "name": "textColor"
                    },
                    {
                        "type": "color",
                        "label": "Header text color",
                        "hint": "Color to use for the header text.",
                        "name": "headerTextColor"
                    },
                    {
                        "type": "color",
                        "label": "Header background color",
                        "hint": "Color to use for the header background area.",
                        "name": "headerBackgroundColor"
                    },
                    {
                        "type": "color",
                        "label": "Button color",
                        "hint": "Color to use for the buttons throughout the app.",
                        "name": "buttonColor"
                    }
                ]
            }
        ]
    }
}
